,factory gate price change (percent),baseline imr,experiment imr,imr change (percent),baseline omr,experiment omr,omr change (percent),terms of trade change (percent),GDP change (percent),welfare statistic,baseline output,experiment output,output change (percent),baseline expenditure,experiment expenditure,expenditure change (percent),baseline modeled foreign exports,experiment foreign exports,foreign exports change (percent),baseline modeled foreign imports,experiment foreign imports,foreign imports change (percent),baseline modeled intranational trade,experiment modeled intranational trade,intranational trade change (percent)
AGO,0.4185656818781247,1.325940515647988,1.3316408572727523,0.4299093026792784,1.7254887442392206,1.7182965446233927,-0.41682101026970436,-0.011295062277666428,-0.011295062277685465,1.0001129633820613,5141.4478,5162.968136042477,0.4185656818781188,9957.4258,9999.104167197278,0.4185656818781126,3630.6820588265346,3643.6874149431137,0.3582069678880829,8441.444248956708,8474.179021888449,0.38778640202221887,1515.9815556284184,1523.483949328652,0.4948868719661722
ALB,0.419177320809605,1.1639583807334404,1.1688799511761383,0.4228304485935924,1.5441073471664926,1.5376618175798222,-0.4174275576434611,-0.0036377462850525908,-0.0036377462850476663,1.0000363787862183,10024.075,10066.093649020946,0.4191773208096039,11211.85,11258.847532443193,0.4191773208096125,6073.379080262228,6096.199943909742,0.3757523340125253,7250.985019532485,7278.659903025164,0.3816706753376079,3960.8649803878393,3977.772805058222,0.42687202805703683
ARE,0.4265393743664969,1.1731715468186128,1.1782055538564207,0.4290938568582755,1.4129140671299159,1.406913029047478,-0.4247277468634619,-0.0025435681969052156,-0.0025435681968915534,1.0000254363289591,139090.13,139683.40417030756,0.42653937436650535,199898.13,200750.77423307236,0.4265393743665092,24904.11710870049,24979.70483596634,0.3035149848353384,85571.01521605406,85899.55975297705,0.3839437174999731,114327.11489145801,114820.67287666905,0.4317068489654635
ARG,0.42158932100546664,1.1974615924307457,1.2025417941406127,0.42424757019176085,1.5805718251362948,1.5739362778682,-0.41981940729094014,-0.0026470192713536427,-0.0026470192713537602,1.0000264708934032,177882.75,178632.68467791085,0.42158932100546315,175280.17,176019.13247856023,0.42158932100546276,60862.166472410245,61079.22845026834,0.3566451712764652,58079.130860731144,58287.37156761937,0.35854652747398646,117201.03930839083,117696.49676810583,0.4227415239990404
ARM,0.41892421685911785,1.2347796807340177,1.2400670218013283,0.42820117222592985,1.6307239536955078,1.6239209555772762,-0.41717656153972615,-0.009237400708696176,-0.009237400708700449,1.0000923825408325,3682.5369000000005,3697.9639388688734,0.4189242168591125,4938.1909,4958.878177554832,0.4189242168591071,2967.1947024210185,2978.4674025551735,0.3799110360016916,4219.112900190032,4235.571377575603,0.39009331522818486,719.0779963628623,722.507952125187,0.47699356393514547
AUS,0.4202485859774008,1.1991623794178818,1.2043208393217413,0.430171926037535,1.5584979150366753,1.5519757588680638,-0.4184898873257737,-0.009880835479836822,-0.009880835479856643,1.0000988181188541,285427.91,286627.4167557598,0.42024858597739206,354095.16,355583.2399029144,0.4202485859773997,88163.30485230585,88348.24453966139,0.2097694586941303,156540.99857223273,157019.7081712431,0.30580461564482314,197554.16146314517,198513.21432982906,0.48546325705359095
AUT,0.4171363855896226,1.0539055897709075,1.058326140580154,0.41944466868303093,1.4224625676904985,1.4165536072132545,-0.41540358329693955,-0.0022986415639106366,-0.00229864156391537,1.0000229869440267,211832.34,212715.9697665859,0.4171363855896208,209720.11,210594.92888670857,0.4171363855896245,88581.33622576969,88904.71891778568,0.3650686541821602,86254.20997402346,86569.71277425048,0.36578249377281885,123465.90001832983,123972.95887737417,0.4106873711438206
AZE,0.4198423895735548,1.2386658826871477,1.2439805888599327,0.42906697012234585,1.6193550581864167,1.6125847438813496,-0.4180870816959305,-0.009185170018093373,-0.009185170018102897,1.0000918601376907,6969.5928,6998.854104955067,0.4198423895735545,13048.989,13103.77418723279,0.41984238957355335,5144.392170801705,5163.52768486917,0.37196841593985475,11216.717970756548,11260.740213516247,0.39246990852823394,1832.271026955334,1841.035853076441,0.4783586048223148
BDI,0.4169795010933175,1.3214437786900701,1.327135076351503,0.43068783955944434,1.7367807946960692,1.7295688471962691,-0.415247999161696,-0.01364955150762912,-0.013649551507606989,1.0001365141486454,696.30597,699.209423159789,0.41697950109332305,1225.5675,1230.677865247062,0.4169795010933272,587.4623585047669,589.6716771587018,0.37607833454352085,1116.0175113736261,1120.3980114186606,0.3925117662036395,109.54998864837756,110.11199284766622,0.513011645389134
BEL,0.41698565953811606,1.0485463786922007,1.052941945959589,0.41920580307288774,1.4240653289100529,1.418151839151508,-0.4152541065704435,-0.0022108754167312825,-0.002210875416720287,1.0000221092429753,322725.91,324071.63076431386,0.4169856595381148,298794.94,300040.8720512255,0.4169856595381124,137220.3034326176,137723.6298045964,0.366801675399263,112961.93966193411,113371.54845765723,0.3626077924555602,185833.00032709178,186594.15889373104,0.4095927877715581
BEN,0.41789348154124273,1.3274268796392432,1.333137691186408,0.4302166571100866,1.7251227305009564,1.7179435564023664,-0.416154397113838,-0.012270386322978765,-0.012270386322987947,1.0001227189213158,1045.8562,1050.226764886095,0.41789348154125333,2627.3208,2638.300202362377,0.41789348154124106,921.7183838167867,925.2595754771138,0.3841945351749601,2502.1220010362795,2512.1002543297764,0.3987916372328885,125.19879940818394,125.82775325968662,0.5023641236782969
BFA,0.41708201771772924,1.3336040184849371,1.3393461997864553,0.4305761846789916,1.736340083170963,1.7291282004328659,-0.4153496661164763,-0.013436313395686779,-0.013436313395696148,1.0001343811898347,140.06769,140.6518871476226,0.41708201771772174,2451.4717,2461.696347630139,0.41708201771771874,122.53171732078022,122.99854997076852,0.3809892329886857,2433.7936339087796,2443.5894072943856,0.4024898926978284,17.678066274927303,17.768452042625693,0.5112876391157288
BGR,0.41515134256275843,1.1720304288762535,1.1769886449797808,0.4230449979256312,1.562854727002451,1.5563933392216465,-0.413434957783795,-0.007860402324025847,-0.007860402324024853,1.0000786102023185,36437.188,36588.45747517412,0.4151513425627538,37385.117,37540.321815144154,0.41515134256275266,27732.194511392212,27835.125438871502,0.3711604122674353,28643.15929795307,28750.441326780117,0.374546772969682,8741.957685716996,8781.907746820767,0.45699215827872613
BHR,0.42402690540579435,1.1822851935576326,1.1873427377844719,0.42777700798404694,1.4927524210205032,1.486449475283833,-0.42223651075113855,-0.0037341288336419807,-0.0037341288336477096,1.0000373426827605,12902.549,12957.259279243168,0.4240269054057996,16424.418,16494.061951376316,0.4240269054058071,4291.046579003711,4305.572650479103,0.33852047997961476,7799.826409521061,7829.01693435591,0.37424582679451956,8624.591592803483,8662.319300449482,0.4374434109724133
BHS,0.4183619969960528,1.304100394347371,1.3096817275591834,0.4279834003581884,1.6911983383839297,1.6841524844519118,-0.41661901931330003,-0.009580400836869118,-0.009580400836880144,1.000095813187656,1557.382,1563.897494436057,0.4183619969960483,2262.3877,2271.8526703615134,0.41836199699605964,1242.8477108348504,1247.53766441347,0.37735545052976166,1946.2735032999492,1953.8534595424223,0.3894599720759268,316.1141975423604,317.6282913307084,0.4789705113276751
BIH,0.41909584865738037,1.1619861279904415,1.1668973092611257,0.42265403625580356,1.5370817091790818,1.530666748403814,-0.41734676412836935,-0.0035432120695952168,-0.0035432120695858787,1.0000354333761756,9536.6689,9576.6366834601,0.41909584865737415,11679.238,11728.185201612814,0.41909584865737604,5835.896117280968,5857.867684112682,0.37649002638434315,7968.79061083178,7999.400625682485,0.38412371896304304,3710.4473854105295,3726.2484965174185,0.425854606347983
BLR,0.4196013162751866,1.195195451281469,1.2002798380560158,0.4254021188831755,1.5902767516968224,1.5836318117893209,-0.4178480192464199,-0.005776230401472827,-0.005776230401479816,1.0000577656406913,43682.781,43866.07452406161,0.4196013162751844,44635.891,44823.18378616716,0.4196013162751831,30217.52302653455,30331.268213955856,0.37642128152405413,31126.318428104616,31244.748800977603,0.3804830730191759,13509.572565814922,13569.967316806658,0.44705153103482387
BLZ,0.4184375881047808,1.296421074210534,1.3019620877091582,0.42740847158771167,1.6889990677295128,1.681961110260419,-0.41669398187144835,-0.008932704347798227,-0.008932704347802169,1.0000893350235118,2382.1619,2392.129760799111,0.4184375881047755,2683.4839,2694.71260530834,0.41843758810476234,1847.0748997223186,1854.0194698992411,0.37597664166009415,2145.9802825307406,2154.2098246291484,0.3834863798796312,537.5036166521667,540.0474289254005,0.47326421523968687
BMU,0.4175960835823833,1.2989241188903546,1.3044789056688078,0.4276452101912203,1.698877616002036,1.6918126725825007,-0.4158594682153299,-0.010006334996506838,-0.01000633499650743,1.0001000733636412,1512.6899,1519.0068337791463,0.4175960835823794,1865.2787,1873.0680307990965,0.4175960835823855,1259.8121077521926,1264.6015036146134,0.3801674736216255,1610.8663389741384,1617.1190884413293,0.38816066335912236,254.4123616982013,255.63682277778292,0.48128993080696164
BOL,0.4193914722413705,1.3185816874796008,1.3242202268885772,0.42762154688756343,1.7163332702038308,1.7091651772276315,-0.41763992463701227,-0.008195030928163474,-0.0081950309281592,1.0000819570256854,7851.402799999999,7884.330913794519,0.41939147224136764,9777.9199,9818.927662223192,0.4193914722413618,5677.392603195941,5698.520546815152,0.37214166952832106,7595.944739836902,7625.091603109304,0.3837161047202092,2181.9751626187995,2192.1977614448274,0.468502071020772
BRA,0.4223596353873482,1.1614611480308588,1.1663890706594,0.4242864806021319,1.5209125410614797,1.5145158374833219,-0.420583262052228,-0.001918704411362037,-0.0019187044113458584,1.0000191874122633,675726.38,678580.3754747842,0.4223596353873545,685660.69,688556.6439902784,0.42235963538735416,145963.40029950038,146461.11402966778,0.3409852943588198,155212.21032357504,155754.8122697693,0.34958715236583,530448.4799646823,532664.1611031822,0.4176995923614507
BRB,0.4176826358789354,1.3157431623489562,1.3213719273734503,0.42780119901556635,1.7170346525086406,1.7098927275358158,-0.415945302116662,-0.010075460197100738,-0.01007546019709243,1.0001007647544837,940.8338,944.76349941508,0.41768263587894,1574.4219,1580.9979868917753,0.41768263587893917,776.7755447340664,779.7192340276497,0.3789626634797104,1409.4092033227316,1414.928784218223,0.39162373017564656,165.01269736087272,165.8082043205418,0.4820883316205321
BRN,0.40616778828435063,1.1995052965994535,1.204721033540893,0.43482400254721776,1.6492697438568797,1.6425980398740192,-0.4045247302759894,-0.028532149627840692,-0.02853214962784495,1.0002854029278687,6431.1353,6457.256500009584,0.4061677882843461,6565.5693,6592.236527614087,0.4061677882843624,5013.57256942787,5029.833222981574,0.3243326655499053,5141.48241660239,5158.6048470465585,0.33302516777803853,1424.0868854837672,1433.0029356392636,0.6260889167915858
BWA,0.41901290587360585,1.2676101528631785,1.2730126346951014,0.426194269564679,1.6702380790168403,1.6632687682455716,-0.4172645120970478,-0.007150887020364994,-0.0071508870203701854,1.0000715139840881,4236.9141,4254.667316889779,0.41901290587361073,5798.4136,5822.70970131993,0.4190129058736019,2715.167256658328,2725.0288451636898,0.3632037209191646,4272.368562405944,4288.616516108184,0.3803031846365363,1526.0450387983058,1533.038949607666,0.45830304031311947
CAF,0.4156071968520747,1.3314742925915135,1.3372151094768518,0.4311624277900783,1.7553153844298903,1.7480503613888236,-0.41388704876111465,-0.015488450558549357,-0.015488450558547997,1.0001549084985117,181.21956,181.97272153346367,0.4156071968520773,561.26611,563.5987723466517,0.41560719685207065,166.02549864802413,166.664124140948,0.38465506691701473,545.88820805338,548.0656299041771,0.3988768796749885,15.37790203913697,15.458928632483055,0.5269027799752591
CAN,0.42049402339709996,1.1857464377744076,1.190791330954609,0.42546138191824895,1.4950336409326546,1.488773437615368,-0.41873327434833907,-0.004946313865817206,-0.004946313865820209,1.000049465585381,483142.91,485174.4970610168,0.42049402339709807,548209.63,550514.8187298374,0.42049402339711184,214844.51215544218,215589.01224217704,0.3465297201523136,279421.1009776848,280436.3708354409,0.3633475976594827,268788.5289337736,269974.7855524375,0.4413345403427471
CHE,0.4178538157616263,1.057787199475343,1.062242145314032,0.42115709482008634,1.4459028983743996,1.439886278650461,-0.4161150607487543,-0.003289425409963365,-0.0032894254099626883,1.0000328953361672,373116.56,374675.6417831985,0.4178538157616265,334475.63,335873.24918274774,0.4178538157616238,179075.18772028812,179727.3325189179,0.3641737344697965,140055.74446836938,140557.08013766413,0.3579543782354315,194419.8855366121,195238.5421679569,0.4210765936237772
CHL,0.42006264218072964,1.177503078369528,1.18250718008509,0.4249756801053201,1.5570049680049187,1.5504919306488647,-0.41830549612179807,-0.004892247064353276,-0.004892247064353547,1.0000489248641689,145135.47,145745.1298900234,0.4200626421807222,142974.16,143574.7410341317,0.4200626421807251,56210.9306928429,56398.064473185266,0.3329135063871014,53902.38600997019,54083.33675234492,0.3357008024491852,89071.77396424803,89463.67448129202,0.43998283586593306
CHN,0.4797014710322456,0.9399043898198313,0.943897474751518,0.424839481008503,1.3545377960710594,1.3480710783801295,-0.47741138783185594,0.05462990063739003,0.054629900637400024,0.9994539992732805,15166250.0,15239002.724350428,0.4797014710322473,14302975.0,14371586.581476375,0.4797014710322535,1691551.6091655758,1765842.1883393505,4.391860039695829,812890.9962451364,883114.6446818699,8.638753382816015,13490084.00208031,13493078.382432172,0.02219689922909431
CIV,0.41999023172440975,1.2552923849093471,1.2606347146667651,0.42558449502613693,1.63455234607471,1.6277160974812144,-0.4182336900933467,-0.0055705558796147565,-0.005570555879608625,1.0000557086620783,11170.182,11217.09567326584,0.4199902317244155,14384.362,14444.774915295879,0.4199902317244201,6400.995809694149,6424.2023227197415,0.36254535568429325,9603.844065248064,9640.23458698207,0.37891620778898266,4780.517930446713,4801.837612244089,0.44597012515302026
CMR,0.41830902022441663,1.2773599839615177,1.282809925886048,0.4266566976388369,1.6821729536513181,1.6751655849405902,-0.416566482983677,-0.008312212801775288,-0.008312212801784525,1.0000831290378804,8523.6377,8559.292845350348,0.4183090202244155,10954.771,11000.595795237929,0.4183090202244109,6312.443769958476,6335.943030255367,0.37226882572367037,8734.930151694694,8768.438260030347,0.38361048976621326,2219.840853519743,2230.21629586345,0.4673957742175786
COG,0.41618546003068246,1.3135572436722198,1.3191891360087338,0.4287511917462591,1.7548889132587107,1.7476155913297038,-0.41446053217697987,-0.012512085997755381,-0.012512085997754703,1.0001251365171662,4427.6963,4446.123728214916,0.41618546003067763,3068.3477,3081.1177169905854,0.41618546003067536,3837.971145563496,3852.583599140508,0.38073380499233533,2474.130808386691,2483.4434238072595,0.3763994768991559,594.2168922398703,597.1947014003425,0.5011316910307864
COL,0.42213755163256206,1.2355977849102842,1.2408655754090778,0.4263353789660733,1.5688918168794834,1.562296775515101,-0.4203630418252796,-0.004180006487011502,-0.004180006487008682,1.0000418018121886,68638.82,68928.57023421749,0.4221375516325671,85610.68,85972.07482848798,0.42213755163256267,33443.4940692627,33565.0057998597,0.36333443612483407,50345.72245852032,50537.32277997656,0.38056921640978714,35264.95756759946,35419.31044877037,0.43769478773661313
CPV,0.4166832607782389,1.3382014927211274,1.3439576552441515,0.43014169049530193,1.7502298910265217,1.7429672383573134,-0.41495421295477597,-0.01340078734383447,-0.01340078734385631,1.0001340258339553,312.33224,313.6336761620937,0.4166832607782321,767.97839,771.1784273975242,0.4166832607782323,275.6793010014253,276.7324588709757,0.38202283077645005,731.0086013294422,733.9106614241524,0.39699397372786466,36.96978875874504,37.158396780146774,0.5101679715633205
CRI,0.42422389912404324,1.1638895134088552,1.1688667251025298,0.427636097441681,1.5164836474860135,1.510077537647277,-0.4224318441782305,-0.0033976686599737882,-0.003397668659977611,1.000033977841054,30143.221,30271.09574744778,0.4242238991240473,29670.210999999996,29796.079125982527,0.4242238991240462,11610.33494037861,11651.871889874697,0.35775840842996715,11106.745733383195,11146.935499037216,0.36185005598195463,18563.465273800422,18644.17847601978,0.43479598786586965
CYP,0.4146098500451778,1.211631181904566,1.2167887846168495,0.4256743132160271,1.593224093388945,1.586645704083333,-0.4128979302352288,-0.011017564229982112,-0.011017564229977893,1.0001101877823095,5170.106,5191.541768733777,0.4146098500451822,8392.4385,8427.234376679984,0.41460985004517875,4001.683404110274,4016.2914280187397,0.3650469673203385,7218.771019001853,7246.311438701841,0.3815111966772984,1173.6674804098634,1179.3534237814679,0.4844594799217627
CZE,0.41644776240050696,1.0856063325186276,1.0901641610667259,0.4198417429570464,1.4705064598011732,1.4644079656432163,-0.41472066425206394,-0.0033797907840122407,-0.003379790784008168,1.0000337990501773,188475.53,189260.4321273575,0.41644776240050413,181278.66,182033.5909232796,0.4164477624004986,101154.50381010502,101525.91146031203,0.36716867387758056,93766.43218553529,94110.1625348541,0.36658145277264076,87512.2277593426,87878.97500528039,0.4190811448045173
DEU,0.4168477612472188,1.0162459325747026,1.0204998897510056,0.41859524746390514,1.4023724019904864,1.3965509108257854,-0.41511735088612217,-0.0017402018145945834,-0.0017402018145891726,1.0000174023209814,2082876.5,2091558.9240597945,0.4168477612472231,1861085.0,1868842.891157408,0.4168477612472301,663107.724169048,665499.7989989873,0.3607369877853313,439203.22101862094,440722.0742025385,0.3458201377473937,1421881.7783527009,1427641.304115948,0.4050636171679316
DNK,0.4166318326607188,1.068733802226577,1.0732172339921686,0.41950874541918964,1.4456442517526025,1.4396462273367727,-0.414903210700568,-0.002864894276430239,-0.002864894276430693,1.0000286497635498,126122.63,126648.0970247689,0.4166318326607143,120962.0,121465.96619742305,0.41663183266071563,50601.9200365802,50781.96748253428,0.3558114905994115,45313.3431856704,45473.457742870705,0.3533496889519763,75648.65680059227,75962.44421445607,0.41479575069116514
DOM,0.4225212079829399,1.2293068962922502,1.2345440365391713,0.42602382388946336,1.555275066413043,1.5487313480020486,-0.42074347826370834,-0.0034877572297942632,-0.0034877572298103437,1.0000348787887856,25343.965,25451.048627068772,0.4225212079829353,30762.422,30892.39975703921,0.4225212079829433,11116.923292874331,11157.29869298517,0.36318861835377353,16509.669748816596,16572.402542769334,0.37997606800847866,14252.752258999939,14314.35331172154,0.4322046128508422
ECU,0.4212040227757008,1.2579895755894241,1.2633452546560817,0.42573318337301774,1.6141978790948235,1.6074273305184623,-0.4194373356603477,-0.004509960200175453,-0.0045099602001895875,1.0000451016360676,26684.277,26796.67224817261,0.42120402277570385,33144.43,33284.035672486076,0.4212040227756986,12807.209367663978,12853.008905417097,0.3576074727782214,19240.292131731807,19312.707363551217,0.3763728290797633,13904.137850660567,13965.150619475311,0.43881015471840573
EGY,0.42160366287555817,1.1447025802717128,1.14955785698227,0.4241518097569688,1.4775077143746569,1.4713046401186216,-0.419833629001435,-0.002537384519045595,-0.002537384519040551,1.0000253744890388,156382.17,157041.4829568043,0.4216036628755651,184152.89,184929.28532953124,0.42160366287557255,52802.336909734564,52990.4222879937,0.3562065417306587,80414.41286458155,80716.03244579474,0.3750814940614208,103738.47719194336,104176.02461786983,0.4217793028876802
ESP,0.4171736277182925,1.1108057202790012,1.1154771603575513,0.4205451946517535,1.4786341604550537,1.4724913150592416,-0.4154405166671948,-0.003357447349965797,-0.003357447349973666,1.000033575600783,503448.28,505548.53345336136,0.41717362771829036,507094.91,509210.3762320217,0.41717362771828,203474.72828921268,204188.53873690535,0.35081037025791195,206610.62824916572,207342.27838261914,0.35412027912285304,300484.2818958953,301747.3103974182,0.42033097157490795
EST,0.41590934056428,1.155930753184864,1.1608166370059032,0.422679629171341,1.5294457879339483,1.5231110269599224,-0.4141866958608037,-0.006741792423840897,-0.0067417924238600295,1.0000674224697212,15148.408999999998,15211.412647977877,0.4159093405642742,17565.619,17638.676050148933,0.4159093405642844,8962.789583348656,8994.411511772763,0.35281346426848104,11364.632069016432,11406.074091136055,0.36465784257642003,6200.986924614901,6228.791834283909,0.44839490885936845
ETH,0.41878769244736436,1.298958650044132,1.3045497082684285,0.43042618978723174,1.6911283616617767,1.6840756600956135,-0.41704117357673126,-0.011588616897718469,-0.011588616897693657,1.0001158996001378,8252.4629,8287.023198948986,0.41878769244736974,15627.124,15692.568471995488,0.4187876924473635,5577.649690563402,5597.2344819397185,0.3511298210328823,12943.93896943683,12993.840358233982,0.3855193455020088,2683.185036781401,2696.546939975737,0.4979866468830811
FIN,0.4157314811574331,1.126050226330116,1.130792260852828,0.42112104876233636,1.5125230308935198,1.5062610296600987,-0.41401030632385605,-0.005366966180642909,-0.005366966180636067,1.0000536725423936,101306.9,101728.06467588467,0.41573148115742997,96175.563,96575.39509257139,0.41573148115742503,51652.296871311,51832.22344136163,0.34834185689536135,46418.187679644776,46578.91407330466,0.3462573652576366,49757.37528842338,49974.123499734116,0.4356102186948786
FJI,0.4126971073860064,1.3252233340301056,1.330934180093646,0.43093461433201014,1.7559577309885783,1.7487407286808185,-0.41100091308557435,-0.01815925244152161,-0.018159252441534077,1.0001816255062494,1372.3788,1378.0425676099787,0.41269710738600573,1868.4376,1876.1485879285124,0.4126971073859997,1000.9396313965264,1004.3023900303303,0.33596018464292593,1495.6062026109678,1501.0329769130108,0.3628478066331329,372.8313967276495,374.8642438496581,0.5452456901030746
FRA,0.41752093460345474,1.0693440404255083,1.0738340026348103,0.4198800423028826,1.4220036904117874,1.4160912131801031,-0.4157849428627122,-0.0023492436940206747,-0.0023492436940077735,1.0000234929888479,942601.25,946536.8075485838,0.4175209346034534,985636.31,989751.5479333029,0.41752093460344214,341979.7543236936,343202.4459774564,0.35753334468025705,384058.57945801836,385454.52531065274,0.3634721178743963,601577.7305955582,604055.7118271342,0.4119137237880928
GAB,0.4229691800047952,1.2752537203173513,1.2807153023614497,0.42827415102457245,1.5989191625084582,1.5921847118722432,-0.4211876869153104,-0.005282348088348857,-0.005282348088356954,1.000052826271351,3610.7686,3626.0410383392905,0.4229691800047946,6052.8862,6078.488043126764,0.4229691800048037,1394.131490520229,1398.7148429909528,0.3287604147736136,3832.5860959812467,3847.236932854345,0.38227026102455575,2220.3000970086136,2230.2764367330697,0.4493239331879968
GBR,0.4183709813714298,1.0839977049448482,1.0885586379948593,0.4207511721847421,1.401798939476549,1.3959586535864288,-0.4166279289882438,-0.002370218092896706,-0.0023702180928982424,1.0000237027427357,708927.38,711893.3264369167,0.4183709813714221,828208.25,831673.2329833241,0.41837098137142376,183393.0770702529,184008.01344217875,0.3353105699242259,301954.76595081197,303046.53215272573,0.3615661433512897,526253.4841760208,528431.1383535333,0.4138032797867668
GEO,0.4211282762356383,1.2042377466686893,1.209431447494609,0.4312853371593109,1.5826968639137766,1.5760596311603476,-0.419362223099127,-0.010113443126386458,-0.01011344312637862,1.0001011446604715,3485.7126,3500.3919213869085,0.4211282762356446,7131.5308,7161.563692727254,0.42112827623564303,2545.4117766293953,2554.8289667229715,0.3699672555945484,6187.693848712833,6212.174123792705,0.3956284146954851,943.8369531516004,948.4554086517483,0.48932768363500023
GMB,0.41819319130966814,1.3403793424229937,1.3461505664215667,0.4305664684551461,1.7264374308968953,1.7192476543018052,-0.4164516168625347,-0.0123202303646899,-0.012320230364681172,1.0001232174843246,42.086216,42.26221768979188,0.41819319130967175,450.68839,452.5731381610032,0.41819319130967353,33.28577925588066,33.40896084904184,0.3700727335065018,441.8452584033773,443.62321624326813,0.4023937806451902,8.843131696233453,8.887649343747922,0.5034149557382582
GRC,0.4164497824827862,1.1673860258836735,1.1723233295196525,0.422936674459643,1.537495510349135,1.531119167954156,-0.41472266761488175,-0.006459572077531048,-0.006459572077533064,1.000064599893652,55235.836,55465.865518874554,0.4164497824827912,68347.898,68632.53267255257,0.4164497824827992,32972.467266711064,33089.78558559173,0.3558069159086239,46028.49451220934,46198.72879381471,0.36984542598979814,22319.403481236594,22419.154387434886,0.446924606574504
GTM,0.42314566827590383,1.2041084274082934,1.2092356578506962,0.42581135765643635,1.5066033462654411,1.5002550818563238,-0.42136269143788413,-0.002654386700476989,-0.0026543867004806803,1.0000265445716003,22371.693,22466.357849849483,0.42314566827590244,27641.701,27758.66566041928,0.4231456682759086,8456.892875498495,8487.708633417673,0.36438628669942846,13704.205597278515,13756.67793267816,0.3828922079953722,13937.495417822953,13996.85811813752,0.42592085977409494
HKG,0.45350606380154534,1.1423779344165432,1.147602564936848,0.4573469394761352,1.2490982178426326,1.243459055263883,-0.45145870022049733,-0.0038233895196337336,-0.003823389519639142,1.000038235357083,75437.227,75779.33939880873,0.4535060638015429,271813.56,273046.25097683485,0.4535060638015469,6051.070293145811,6054.768248564283,0.061112418784170355,202350.8749181066,203273.4004335811,0.4559038926062715,69462.68512802503,69808.07122855722,0.4972253806423162
HND,0.4209747639442041,1.2525647842180267,1.2579043242540893,0.4262885324048113,1.6190388955539472,1.6122517226756923,-0.4192099953184089,-0.005291212627940578,-0.00529121262795905,1.0000529149261206,14855.344,14917.881249337099,0.42097476394420513,13639.521,13696.939941332872,0.42097476394421274,10592.470759700096,10632.987910316098,0.38250896825840675,9361.57754590259,9397.475355572487,0.3834589789368284,4277.943455765611,4296.998025375739,0.4454142465218235
HRV,0.4169069823814153,1.1443338434426344,1.1491620906900464,0.421926457482595,1.4992935924797188,1.49306888409426,-0.4151760813679957,-0.0049983855899319255,-0.004998385589933873,1.00004998635441,19422.357,19503.330162476046,0.4169069823814181,28352.361,28470.563972678985,0.4169069823814116,10976.985852767579,11016.47758755699,0.3597684766939432,19887.28658281268,19962.335037908397,0.37736900297185305,8465.074432387719,8501.866170406458,0.4346298229578755
HUN,0.4167670432404069,1.0823314578640741,1.086876601940978,0.41994012498475947,1.4629108514522404,1.4568392257306773,-0.415037301523591,-0.0031598124241026962,-0.0031598124241126613,1.000031599122714,125943.53,126468.42112613359,0.41676704324040215,117515.38,118005.14537457873,0.4167670432404037,58803.75446407284,59016.477644829974,0.36175101861413267,50247.83929734177,50427.90535273294,0.35835581770118347,67267.54067454916,67548.53842311818,0.41773156228280844
IDN,0.4142626097772384,1.119525511584057,1.1242722026752847,0.4239913286577501,1.5533315004491337,1.5469231761984301,-0.41255355015015616,-0.009687644109528583,-0.009687644109525472,1.0000968858270494,495320.41,497372.3372572253,0.41426260977723994,471603.78,473557.45812683617,0.41426260977724505,185006.41369083436,185484.38006822843,0.2583512473209731,160787.29906323325,161178.59658569717,0.24336345267547313,310816.48104896076,312282.7168008779,0.4717368097627211
IND,0.4174725448078842,1.0940169861892322,1.0986590786480883,0.4243163056385323,1.4997500566866555,1.4935150414747878,-0.41573695457245413,-0.0068148443349260596,-0.006814844334927985,1.000068153087876,1138018.0,1142768.9127049719,0.4174725448078898,1122649.5,1127336.253436923,0.4174725448078877,323924.7179745878,324742.349670822,0.2524141107065223,307401.7399439655,308176.9089418979,0.25216805801870257,815247.7606209595,818934.1709937706,0.4521828272184722
IRL,0.41476020249309187,1.0242627591392752,1.0285338432750732,0.4169910599295014,1.4864476123653825,1.480307884449229,-0.41304704350685645,-0.002221593589751688,-0.0022215935897576568,1.0000222164294565,169356.48,170058.90327938317,0.4147602024930853,113602.95,114074.1298254581,0.4147602024930762,79954.5373446573,80250.68434906685,0.37039424433532375,24029.201305059214,24106.30164150632,0.3208610035277122,89573.74861187919,89936.73648192537,0.4052391193529282
IRN,0.42229039156829185,1.1138534801835558,1.1185877859119273,0.425038464447886,1.473884814336033,1.467686913513857,-0.42051459936969704,-0.0027364419487535875,-0.002736441948760891,1.0000273651683194,714995.06,718014.415438568,0.42229039156829007,731421.44,734510.1624629904,0.42229039156829173,174342.44858215767,174914.9282060892,0.3283650244603174,190043.49197813455,190690.24306432114,0.34031740811256006,541377.9483479114,543678.5443579049,0.4249519244391389
ISL,0.4188628730963595,1.218347844382655,1.2235899388615368,0.4302625480113196,1.6149613589891831,1.6082251011523399,-0.41711572845678246,-0.01135083651654727,-0.011350836516556662,1.000113521250777,5974.3774,5999.4018488272595,0.41886287309635345,7247.2075,7277.563361553755,0.4188628730963609,4589.858262844699,4606.857686530375,0.3703692513402287,5856.627575276461,5879.062898298099,0.38307580144497116,1390.579927319507,1397.477012123485,0.4959862190210747
ISR,0.42157188924076827,1.1390105812726974,1.1438419974794103,0.42417658678064407,1.4766289770290444,1.4704300572557867,-0.4198021215681301,-0.002593695690020647,-0.0025936956900293852,1.0000259376296434,105432.36,105876.83319192313,0.4215718892407674,119209.85,119712.4052168061,0.42157188924077726,38141.39330552111,38278.666283111634,0.35990551391486203,51811.92599890528,52005.840716768114,0.37426656918125534,67397.92406065768,67682.49474862232,0.42222470785381194
ITA,0.4168421280479562,1.0633429709423425,1.0678025745733206,0.41939465937560555,1.4483689710829761,1.442356621092746,-0.4151117643548022,-0.0025418708570258018,-0.0025418708570314756,1.0000254193546974,987060.94,991175.4258274261,0.41684212804795956,904344.31,908113.9980666847,0.41684212804796006,370848.2587787905,372171.2455455896,0.3567461179825241,287130.29108270834,288129.4300715047,0.3479740800000043,617214.0187507586,619758.7737236266,0.4122970145782822
JAM,0.42125278965268187,1.2843664703874516,1.289853280884136,0.42719976137568766,1.6215097360671242,1.6147077346924588,-0.41948569431123606,-0.005921674344323656,-0.005921674344359386,1.0000592202502738,2703.7349,2715.124458691063,0.4212527896526775,4743.1636,4763.14430898279,0.4212527896526702,1401.0703361397107,1406.0067309794342,0.3523302658255209,3437.7561951246817,3451.02607707348,0.3860041607260329,1305.4074079143966,1311.3035464377006,0.45167037413431277
JOR,0.42095602514686803,1.1914693556926133,1.1965376441460134,0.42538135195712856,1.542556535868083,1.5360902713246465,-0.41919141328571424,-0.004406582032037288,-0.00440658203204166,1.0000440677622024,14561.369,14622.665960149368,0.420956025146865,19198.949,19279.768132580375,0.4209560251468691,8707.58295163672,8740.135384616086,0.37384005596234277,13330.390971558227,13381.896208293132,0.38637453953749074,5868.558031886829,5894.225904932155,0.43737955569084325
JPN,0.42609773464750145,1.0,1.0,0.0,1.4080868729291538,1.402112503269807,-0.424289848460751,0.42609773464750145,0.4260977346474993,0.9957571015477137,2828419.0,2840470.8292853395,0.4260977346474993,2680486.5,2691907.992254032,0.4260977346474911,471378.25797830435,562357.3036566676,19.300645317958352,320576.42909414775,410960.8492148023,28.19434366277448,2359910.0709058484,2280571.8988400516,-3.361915059557458
KAZ,0.41954016778316117,1.2237185053301116,1.2290557138441902,0.4361467519557387,1.632717480720275,1.6258961931245521,-0.4177873806259207,-0.016534469620373568,-0.0165344696203883,1.0001653720395935,40274.582,40443.55004889677,0.41954016778315467,55335.535,55567.689796382714,0.4195401677831625,29750.3152292297,29855.544464968305,0.3537079688998232,44770.41113585932,44940.50361340397,0.3799216340195949,10565.123886385849,10622.62394449574,0.5442440498401012
KEN,0.4208037914994467,1.2714744048150506,1.2769222271539418,0.42846496305866477,1.6476289649806095,1.6407247331030765,-0.41904045293439157,-0.007628486168780624,-0.00762848616877865,1.0000762906815117,20251.18,20336.397733263377,0.4208037914994407,27799.328,27916.308626235368,0.42080379149944486,10401.989313380309,10437.130863464801,0.3378348989388884,17929.5932282239,17996.13673369928,0.37113784249511145,9869.73477976117,9915.747966164909,0.46620489233503826
KGZ,0.41879925766139525,1.2325052771257488,1.2378966954506558,0.43743571934069797,1.6470665269720606,1.6401973924970215,-0.41705264253455626,-0.018555294194674186,-0.018555294194664847,1.0001855873782308,3497.7292,3512.377663924606,0.4187992576613978,5143.9771,5165.520037909072,0.4187992576613911,2735.8285180959533,2745.6615372774213,0.35941650276792375,4378.528098880088,4395.418551680112,0.38575640988450105,765.449001917624,769.7435643121223,0.5610514069179677
KHM,0.4148480102541541,1.0727704244177731,1.0773166314527547,0.4237819137723632,1.514132727082595,1.50787732805339,-0.4131341273666232,-0.008896203018806188,-0.008896203018798064,1.000088969945135,55548.277,55778.71792186497,0.4148480102541562,49808.0,50014.62749694739,0.4148480102541537,23763.693992333938,23834.22008589519,0.2967808522698728,17967.0652772179,18015.13529129738,0.26754516298460707,31840.934736857296,31989.234277612733,0.46575121610287995
KOR,0.5057195873104714,1.0044578677226552,1.0072842416740029,0.28138302682179417,1.4161117706585362,1.408986249529061,-0.5031750513705275,0.22370708671685097,0.22370708671685197,0.9977679224484951,1273018.5,1279456.4039045859,0.5057195873104645,1192156.5,1198185.468931895,0.5057195873104733,318304.70687041763,339021.2105425124,6.508387474310427,236151.2756256616,256479.73099860613,8.608234412067484,956005.2244614888,942284.5754240181,-1.435206491177853
KWT,0.4246187997456463,1.1952541429326213,1.2003733127498775,0.42829132595148073,1.4801036648523707,1.4738454400027257,-0.4228234142146531,-0.003656864173774436,-0.00365686417377341,1.0000365699790523,29993.207,30120.563795568625,0.42461879974564476,44639.164,44828.71028239329,0.4246187997456456,8918.466388041623,8947.757346793473,0.32843044395081994,23533.996364466206,23623.937953858986,0.3821772893981659,21105.16763328768,21197.593262177565,0.43792890203869717
LAO,0.41507472790369704,1.1342240079332577,1.139220789080627,0.4405462335852147,1.5755390228787245,1.569026390919632,-0.4133589752155422,-0.025359784107780104,-0.025359784107787928,1.0002536621692564,8106.0825,8139.728799880525,0.4150747279037015,8842.3496,8879.051958542494,0.41507472790370153,6041.24390508436,6061.371159433479,0.3331640745737706,6769.287677598623,6792.8955954648345,0.34875040019847436,2073.0619220784097,2085.815477335384,0.6152037776174032
LBN,0.4201463180780074,1.2084547027306256,1.213598563552057,0.42565607215630785,1.5715537794356464,1.5649785795687834,-0.4183884734268685,-0.005486400879802065,-0.005486400879811545,1.0000548670190228,7157.7388,7187.811776025841,0.42014631807800734,10265.343,10308.47246065258,0.42014631807801184,4346.807300432739,4362.7946428019395,0.36779505656045625,7447.15023661729,7475.802596864319,0.38474261075258687,2818.1927692361087,2830.748425728105,0.4455215636437624
LCA,0.4166586876306777,1.3263211212254489,1.3320054520917182,0.42857877894738494,1.7356426829648366,1.7284409835002008,-0.414929843297803,-0.011869222348501195,-0.01186922234848613,1.000118706313001,264.40689,265.5085642778791,0.4166586876306865,627.76208,630.3777052439711,0.41665868763069935,242.7783233958889,243.71934358073295,0.3876046970262578,605.865282202096,608.2730483586782,0.3974094947033349,21.896797787419636,22.00546362086028,0.4962635838153226
LKA,0.4216100178323412,1.1409313244348136,1.1457887114439422,0.42573877192256515,1.5189587923580448,1.5125815968166405,-0.41983993071360703,-0.004111250901118956,-0.004111250901121311,1.000041114199319,24754.508,24858.87548559311,0.4216100178323457,26134.535,26244.7208176739,0.4216100178323456,6847.8534852165585,6869.001834743506,0.3088318050700648,8202.767931726134,8229.898670742175,0.3307510250425022,17931.76707169635,18009.952810418385,0.4360180366464967
LTU,0.4168270182355327,1.1352870558123624,1.1400786629453894,0.4220612847204786,1.499148552962341,1.4929256355958394,-0.4150967797157273,-0.005212267521682312,-0.005212267521688717,1.0000521253921317,25977.543,26085.824417897755,0.41682701823553236,30090.621000000003,30216.046838282855,0.41682701823552276,13727.83780372604,13776.346055529404,0.35335682499247634,17814.56253039894,17879.702890361288,0.3656579264923964,12276.058478667735,12329.631601127561,0.4364032849217887
LUX,0.4157351009721699,1.133489233758741,1.1382635324209927,0.421203706224866,1.5168990561008855,1.5106188832168486,-0.41401389622983903,-0.005445667897681991,-0.005445667897684432,1.000054459644668,20974.461,21061.659196616718,0.41573510097217103,23625.355,23723.573893464287,0.4157351009721854,16266.757807344733,16328.268033727618,0.3781345189458215,18896.373973009024,18968.486605698025,0.3816215364492898,4728.981020665365,4749.614931615365,0.43632890171966154
LVA,0.4156657053075996,1.1642834438649037,1.1692089738984968,0.4230524843024919,1.5407485104911482,1.5343706579307492,-0.41394507390216057,-0.0073556606896066756,-0.007355660689604953,1.0000735620178685,11943.003,11992.645967654858,0.4156657053075996,14489.099,14549.325215551065,0.41566570530759195,7799.146839315879,7827.152978126877,0.3590923390468515,10333.12709385283,10371.418871584641,0.37057298709304054,4155.971901632458,4174.817471558915,0.45345758759952975
MAC,0.4406073081810735,1.1672322483300308,1.17258216709658,0.45834226857622257,1.4844748217853487,1.477962809406253,-0.438674491714447,-0.01765404444733451,-0.017654044447337376,1.0001765716165052,2440.5884,2451.3418108530195,0.4406073081810694,9105.8711,9145.992233540148,0.44060730818106614,1046.2993941279062,1048.7553799113239,0.2347306896287288,7709.106206110042,7742.164736473634,0.4288244250337389,1396.7648947143837,1405.097609067368,0.5965724356702312
MAR,0.42008337014105557,1.180659416935463,1.185657564337355,0.42333524217046004,1.5488836951409592,1.5424043111438477,-0.4183260510416759,-0.003238163741077448,-0.0032381637410894325,1.0000323826860151,93004.922,93395.62021073466,0.4200833701410509,102178.26,102607.49387815948,0.42008337014105357,51332.059838584515,51524.58519216429,0.37505869467381103,60411.04772058345,60641.24927569662,0.38105870333173325,41767.21232523079,41944.7532796371,0.42507254978821235
MDA,0.41949364110218657,1.1728473440085898,1.1778176614242137,0.4237821265499258,1.5508144117644727,1.5443360203820304,-0.4177412418466815,-0.004270388305366737,-0.00427038830536308,1.0000427057067531,8573.6982,8609.664318756293,0.41949364110218407,10268.641,10311.71729602261,0.4194936411021783,5597.187955511671,5618.312718728549,0.37741743505461345,7283.4330507212635,7311.462604294165,0.3848398602376969,2985.207951525636,2998.140565672351,0.4332232245363529
MDG,0.4173238222375586,1.2866819007742578,1.292190183109512,0.4280997760160874,1.7064512856351284,1.6993594538545442,-0.41558946571068506,-0.010730018592971723,-0.010730018592957004,1.000107311700495,3924.6494,3941.027896885503,0.4173238222375586,4916.6738,4937.192251029112,0.41732382223756315,2903.540116593388,2914.1316206779866,0.36477898218348226,3891.5831023178184,3906.3059103688324,0.37832439045809213,1025.090697954645,1030.0858667304299,0.4872904208136532
MDV,0.41384004886442227,1.3037982857055106,1.309456899486936,0.43400991115457843,1.7355550014771863,1.7284021811289896,-0.41213446661781156,-0.020082701375753558,-0.020082701375761205,1.0002008673533482,122.81208,123.3203255718834,0.41384004886441705,985.1301299999999,989.20699301137,0.4138400488644126,109.26235697393159,109.67235730056466,0.3752438973386667,971.4558186753962,975.3531680839869,0.40118648050354117,13.674311449965977,13.751563824067922,0.5649452580088611
MEX,0.4207742437270845,1.1466878799689562,1.1515461162846992,0.4236755616423301,1.471147073842554,1.464982803537165,-0.41901115224926416,-0.0028890775995022732,-0.002889077599503967,1.000028891610696,621098.81,623712.2338205755,0.4207742437270917,595233.75,597738.3403099709,0.4207742437270897,231140.41414292355,231968.32403815395,0.35818482817049657,204645.2717461782,205373.35147495873,0.35577647241397564,390588.47836562386,392241.8360575065,0.4232991456381264
MKD,0.41909135609385917,1.1602313952694656,1.1651359899237745,0.4227255592553436,1.5459121676856995,1.539460422150236,-0.4173423089826718,-0.0036189051245568917,-0.003618905124568048,1.0000361903609403,12838.713,12892.518936416698,0.4190913560938576,13387.046,13443.14995262231,0.419091356093871,8023.922955445065,8054.202658805325,0.37736782280184006,8559.231547610296,8591.846093839078,0.38104526145093165,4827.814455224047,4848.406521887796,0.42652978598766084
MLT,0.41376866367475174,1.2127502148551519,1.217899136429197,0.4245657111394519,1.608486667070978,1.6018586779028259,-0.41206366853022475,-0.010751400703845046,-0.010751400703852615,1.0001075255675431,3965.8333,3982.242675448978,0.41376866367474785,5825.2437,5849.346733013287,0.4137686636747426,3283.294627698254,3295.5158676962474,0.37222489553309385,5138.681836062057,5158.332955953388,0.3824155789024231,686.5618672988944,689.8598954692619,0.48036867869501215
MMR,0.4195034366744732,1.1000886118080342,1.1048669032316172,0.43435513942187826,1.5273461490563367,1.520965645920967,-0.41775095575497434,-0.014787472600180013,-0.01478747260017075,1.0001478965961703,221113.72,222041.29965435877,0.41950343667446954,219997.95,220920.8489608634,0.41950343667447154,113929.208906985,114258.98712856411,0.2894588883245461,112589.12702018273,112922.44290663379,0.29604624822369585,107408.82294899423,107976.32899067017,0.5283607306128207
MNE,0.41735636185626923,1.2135915386227454,1.2187422274974238,0.42441700611424027,1.6149056086983828,1.6081937099818155,-0.4156217354385872,-0.00703080432872387,-0.007030804328725977,1.000070312986856,671.23328,674.0347147969766,0.41735636185627395,2042.8651,2051.3911274589914,0.4173563618562671,629.4109846316994,631.8716758807199,0.39095143063960325,2000.3618626571508,2008.2872912955036,0.3961997469710364,42.50323716045391,42.69616061209053,0.4539029601635249
MNG,0.40389486609349046,1.2123521797053172,1.2176897533908984,0.4402659371535568,1.6458416547067458,1.6392209257075474,-0.4022701078359865,-0.036211643528328244,-0.036211643528341636,1.000362247611097,5818.5767,5842.077632571011,0.4038948660934833,7911.698199999999,7943.65314285061,0.40389486609348524,4147.337585819445,4158.403069252248,0.26680932535220714,6234.556351011012,6254.592580446851,0.3213737803907923,1677.1418499150475,1688.7329927040046,0.6911247721559279
MOZ,0.41614302761470157,1.3041119839286495,1.3097014944303562,0.42860663582496183,1.7346085207507957,1.7274199829930437,-0.41441845071997235,-0.012410416342289956,-0.01241041634227839,1.0001241195671777,3498.2974,3512.8553207153263,0.41614302761470245,6077.8467,6103.139235271161,0.4161430276147124,3155.121302156695,3167.258013622341,0.3846670318935071,5731.121706349142,5753.721431554936,0.39433336724916074,346.72499344959414,348.45905887077384,0.500127032645485
MUS,0.41747396483013954,1.2868697587584992,1.292385147575892,0.42858951186434185,1.7011457965198156,1.6940734808363018,-0.4157383628130054,-0.01106811027440341,-0.011068110274398852,1.0001106933544064,2666.9961,2678.130114360535,0.41747396483014265,3709.1292,3724.6138487319126,0.4174739648301489,1839.638356188299,1846.1606308017783,0.35454112986605624,2879.065884940533,2889.8920866761323,0.3760317466935212,830.0633138293348,834.1360108136239,0.4906489561019771
MWI,0.4170466333883738,1.3183467044551593,1.324017252986263,0.43012574097093936,1.738558242883292,1.7313377571043433,-0.41531457507997516,-0.013023091911981637,-0.013023091911975234,1.0001302478814211,2454.603,2464.83983917455,0.4170466333883693,3865.9902,3882.1131819762245,0.4170466333883699,1958.5854422794819,1965.818701111158,0.3693103540715424,3367.482537543187,3380.524488541634,0.38729082788242764,498.5076636488763,501.03748223331246,0.507478373736303
MYS,0.4126452734730224,1.1087591439693614,1.1134443806726462,0.42256577803828865,1.5615453464824463,1.5551281836213902,-0.41094950431708316,-0.009878760304924386,-0.009878760304912259,1.0000987973630038,326170.94,327516.86896735255,0.41264527347302893,268871.56,269981.0457840532,0.41264527347303687,157415.89077936293,157896.38876073586,0.30524109033337976,99785.6221408213,100041.37306379474,0.256300374228781,169085.9378175033,169881.02826971372,0.47022860828827556
NAM,0.4202671938558833,1.249529987311732,1.2548478969620405,0.4255927992372158,1.6315734011868277,1.624745130432988,-0.4185083397947438,-0.00530303604180567,-0.005303036041797709,1.0000530331727864,4320.2598,4338.416434628743,0.4202671938558795,5593.6509,5617.159179671524,0.4202671938558801,2175.0092195497036,2182.6966990731407,0.35344583619873843,3444.0175759206786,3456.9286885280517,0.3748852124809956,2149.6333332346007,2159.1799765381224,0.4441056600642055
NER,0.41653647924511095,1.3296136149115003,1.335340221985028,0.4306970844239554,1.7383992000916593,1.7311881698947418,-0.41480864674450374,-0.01409987741789268,-0.014099877417907294,1.000141018657637,71.435715,71.73327081218457,0.41653647924510784,2036.1017000000002,2044.58280633503,0.41653647924511017,67.06450836313,67.3256926545928,0.3894523315500635,2031.6580245840653,2039.8375163404448,0.40260179899390836,4.443675579172105,4.466613792335861,0.5161990958851562
NGA,0.42333185328340406,1.2845516580977272,1.2900596092353527,0.42878393429362877,1.5925361549316444,1.5858228616016405,-0.4215473105093782,-0.005428803174393372,-0.005428803174395574,1.0000542909790942,37509.238,37668.02655237788,0.4233318532834026,73895.695,74208.51901514016,0.42333185328340855,13793.413004062888,13837.631688352894,0.32057826643037285,50141.818232837206,50335.900230503685,0.3870661346288738,23753.876667680568,23861.095390384668,0.4513735766338337
NIC,0.42172659129724455,1.232683266566701,1.2379323479334812,0.42582563657249356,1.5870678722956764,1.5804028930434357,-0.4199555273335483,-0.004081664501402142,-0.004081664501389972,1.0000408183110805,7789.8125,7822.664210724697,0.42172659129725026,8084.3696,8118.463536341951,0.42172659129724993,4332.958699338287,4349.131071714401,0.3732408614599333,4619.61331455828,4637.102229864636,0.3785796367683251,3464.756287594183,3479.8620625608437,0.4359837666143502
NLD,0.4174750122033277,1.044740023371879,1.0491220850639815,0.419440396086234,1.3951278547675712,1.3893277585740527,-0.4157394014962743,-0.0019571747015940315,-0.0019571747015783036,1.0000195721300766,380828.38,382418.24332587875,0.4174750122033303,397161.5,398819.55002059194,0.4174750122033324,127516.00741897104,127974.25340216592,0.3593634967641756,143462.7907784256,143986.06488806568,0.36474552516425957,253698.70919277164,254734.50703037743,0.4082787180516325
NOR,0.4208298922342646,1.1232805703073636,1.1280344134912947,0.4232106661143736,1.4387508676318168,1.4327215470954004,-0.41906633539277155,-0.0023707406527922787,-0.0023707406527933407,1.0000237079685823,84687.703,85044.09416927057,0.4208298922342637,109953.45,110416.16698514286,0.42082989223427053,29234.871519438086,29339.76122507151,0.3587828513755702,54414.70587864456,54621.6049738625,0.380226433051688,55538.744093221016,55771.29905846176,0.41872564646114846
NPL,0.41928228897929465,1.215358598560212,1.2206725987480636,0.4372372231658082,1.6337571826216106,1.6269357292792928,-0.41753165126850855,-0.017876770292487913,-0.017876770292488024,1.0001787996665303,8727.499,8764.091857577845,0.41928228897929726,13922.73,13981.105541032408,0.4192822889793048,6245.317558543569,6266.779562136748,0.3436495164896542,11431.694828702834,11475.226792990601,0.38080061565733003,2491.035175698729,2504.8822640714156,0.5558768702976159
NZL,0.4140914925192529,1.2111664819289256,1.2163292225064326,0.42626184381231486,1.6366156353576007,1.6298664969300525,-0.4123838414921118,-0.012118693924886275,-0.01211869392489394,1.0001212016273033,72161.359,72460.17304850527,0.41409149251924676,72304.445,72603.85155545826,0.4140914925192337,31303.57504193954,31384.91019106826,0.2598270294039813,31373.455972003314,31457.814629147484,0.2688854464087385,40930.98910333077,41132.93514183773,0.49338176997662825
OMN,0.4207397321182027,1.2475276257603949,1.2528899238658724,0.42983401687870976,1.617348204033418,1.6105718881934468,-0.41897692921487717,-0.009055361735415513,-0.009055361735416411,1.0000905618180542,27661.449,27777.831706422614,0.42073973211820326,36104.699,36256.60581385469,0.4207397321182108,18439.111471477638,18505.975003880572,0.3626179737909924,26854.299931547324,26956.647095778986,0.3811202097710561,9250.399076193866,9294.706670446183,0.4789803541162247
PAK,0.42273014327440794,1.1741541396626525,1.1793137627734118,0.4394332001624391,1.606415944620645,1.599653726118655,-0.4209506588025612,-0.016629979238067374,-0.016629979238076652,1.0001663274526016,89855.5,90235.34628388993,0.4227301432744001,94157.766,94555.79925911578,0.42273014327440445,60743.110424663166,60951.45989504689,0.3430009904450544,64954.22127459652,65186.5271684534,0.3576455683685237,29203.54474357266,29364.601262704222,0.5514964725883434
PAN,0.4235321219285382,1.2603546348148837,1.265736915240476,0.42704491870122174,1.5373315207535008,1.5308478881875183,-0.4217458940023972,-0.0034978593421027943,-0.0034978593420980386,1.0000349798169659,7192.0928,7222.55362324691,0.42353212192854306,13910.364,13969.278859817183,0.42353212192853645,2965.5897938900544,2976.2410354307344,0.35916098587284784,9676.564872432378,9714.681193687953,0.3939034332748041,4233.799113583579,4252.1872633795865,0.43431795658446476
PER,0.4197396881868265,1.2239773571195516,1.2292101675547604,0.4275251012423535,1.59071372386184,1.5840647753314818,-0.41798523710578944,-0.007752270154691948,-0.007752270154714452,1.0000775287117822,73806.875,74116.67174698543,0.4197396881868171,80832.633,81171.9196417074,0.4197396881868199,39031.41059435777,39164.11111815607,0.33998393032068824,45982.29419274844,46145.83742648097,0.3556656678481189,34850.338823002035,35012.460877384234,0.46519505938115563
PHL,0.4093267586886995,1.1625062647582307,1.1675314878297733,0.4322749239194626,1.5908177717443885,1.584332674277344,-0.4076580977551796,-0.02284939303441257,-0.022849393034412507,1.0002285461517526,109901.81,110351.6675166132,0.4093267586886939,118273.19999999998,118757.32385595738,0.40932675868869506,61022.30532012504,61168.226773262104,0.239128057144938,69282.20393283326,69467.37482071387,0.2672704928095622,48990.996127150036,49275.61052502069,0.5809524614114233
PNG,0.4154358184936813,1.2046999952358537,1.2098098121869794,0.42415680014386303,1.6338046719960462,1.6270453429210252,-0.41371708570051924,-0.008684147249100048,-0.008684147249086276,1.000086849014587,8418.8213,8453.796099175175,0.41543581849368366,7970.106000000001,8003.216675095915,0.41543581849368505,3798.136324971717,3809.7127709556926,0.3047927981906192,3340.880436379975,3350.853276069152,0.2985093264811063,4629.225567673339,4650.751923251044,0.4650098653223294
POL,0.4166686827245414,1.094197056787601,1.0987961889625162,0.42032028384518044,1.4718990514046035,1.4657915570776796,-0.4149397556235711,-0.003636316942935637,-0.0036363169429482326,1.0000363644917576,361144.72,362649.4969475532,0.41666868272453533,356706.31,358192.5934830723,0.41666868272453617,174441.61938089944,175068.51459895587,0.3593725054154508,169636.84110734466,170248.21987361024,0.360404474803151,187069.4688245513,187858.60552561062,0.4218415255134121
PRT,0.4167071435481562,1.1560141136406203,1.1608884270552415,0.4216482616523234,1.5269585501207177,1.5206220096270162,-0.4149778979396997,-0.0049203714435110445,-0.004920371443522415,1.00004920613556,93462.063,93851.52609302847,0.4167071435481545,101578.82,102002.10619927193,0.41670714354815924,47943.34826870997,48112.59027786177,0.3530041502384072,55965.291391975115,56167.75351473464,0.36176372484421343,45613.52861476953,45811.274604301114,0.43352486759280146
PRY,0.4211291290506569,1.2725243953376468,1.2779469414373896,0.4261251194562757,1.648177960798003,1.6412661111226956,-0.4193630687769181,-0.004974791569110017,-0.00497479156908664,1.0000497503906691,10508.694,10552.949171516799,0.42112912905066263,13151.771,13207.156938667038,0.42112912905066097,6042.956274704865,6065.2275464758395,0.36854927883889665,8675.372577874026,8708.534505841766,0.3822536458240087,4476.398383609717,4496.22267171333,0.44286246229110177
PSE,0.4207521255208624,1.205244243535648,1.2103740437751163,0.42562329311937996,1.5493147880837317,1.5428233261534312,-0.4189892189907667,-0.004850522644307852,-0.0048505226443150305,1.0000485075793142,4294.9951,4313.066383174267,0.42075212552085756,7457.625,7489.003115700874,0.42075212552085056,2561.5499831587667,2571.0390666997587,0.3704430365746957,5719.822767517847,5742.1391323455355,0.39015832718489907,1737.8022347231129,1745.4656798550675,0.44098488187153595
QAT,0.4225658056260073,1.1440449532638015,1.1489170196458474,0.4258631942867733,1.5028089186508435,1.4964852835452613,-0.4207877014237637,-0.003283405843755217,-0.003283405843768708,1.0000328351365484,29831.447,29957.504494345445,0.42256580562600554,30106.322,30233.541022103658,0.42256580562600127,10205.704863269284,10241.194540316168,0.3477435172029392,10450.31693830896,10487.355891927742,0.3544289980622812,19656.005066236306,19740.61368311473,0.4304466578702646
ROU,0.4161568910031388,1.149793719837033,1.1546476840893123,0.4221595724985638,1.5269879181470254,1.5206595885325425,-0.41443219944806464,-0.005977447130179892,-0.005977447130169493,1.0000597780445026,106835.59,107280.19366982886,0.41615689100314446,117017.22,117504.19522469032,0.41615689100315545,62690.0775356397,62913.70406046129,0.35671757575105906,72763.32668469087,73028.71956761468,0.36473439989055856,44253.89327489628,44449.48662358876,0.44197998010590916
RUS,0.423402516908733,1.1466034099262565,1.151522424183364,0.42900746801579415,1.5210160550129417,1.5146031869780607,-0.42161737962893386,-0.005581008165241397,-0.005581008165239745,1.0000558131965913,711027.69,714038.199135378,0.423402516908738,762970.13,766200.5647336819,0.42340251690873487,253041.0980924907,253843.79941703574,0.3172217203434875,304262.226204074,305297.9609492218,0.3404085870498848,458707.9037823425,460785.3508613872,0.4528910581036031
RWA,0.4199892960410567,1.3088344719052312,1.3144646297295903,0.4301657654358315,1.6856326846121708,1.6785828164744385,-0.4182327622197394,-0.010132881208766903,-0.010132881208762826,1.0001013390806561,1989.8822,1998.2394922438264,0.4199892960410596,4151.9907,4169.428616512621,0.41998929604107943,1248.4633842760968,1252.8043597186363,0.3477054671536525,3408.553220614404,3421.778636179824,0.38800672043008555,743.4374775257243,747.0596834057857,0.48722400868418425
SAU,0.4233915827205559,1.1951345856564268,1.200242767117486,0.4274147466206507,1.5178413416216936,1.5114420232974723,-0.42160653743849685,-0.00400604148801146,-0.0040060414880138595,1.0000400620197814,232475.14,233459.42017467786,0.423391582720562,297263.78,298522.36982299696,0.4233915827205492,74428.93076404,74673.60617805232,0.328736972976289,138981.7331447805,139495.63927588292,0.36976523423194363,158282.04681889468,158976.32033755744,0.43863061706368855
SEN,0.42233302961516284,1.2762411311177024,1.2816992981941147,0.4276752208755478,1.6079101612398141,1.6011479844392045,-0.42055687958309307,-0.0053194413279478705,-0.0053194413279571365,1.0000531972430755,5553.1396,5576.592342711439,0.4223330296151565,8861.8428,8899.269289176973,0.42233302961515645,2312.542637845065,2320.320850903728,0.33634895769580336,5615.612380151318,5637.003217585421,0.38091727110137835,3246.230426527144,3260.786090704695,0.4483866597579428
SGP,0.4222656526232216,1.0370729996572612,1.0414852516718691,0.4254524046104876,1.3533153286579604,1.3476247721118801,-0.42049006802601196,-0.003173251313249817,-0.0031732513132425874,1.0000317335201165,234388.11,235377.85048236273,0.42226565262322563,261508.92,262613.182347706,0.4222656526232384,33077.83171323812,33155.466173217064,0.23470238512603087,59960.863446600044,60151.31715597651,0.31763003137218143,201548.05655772332,202412.39666413324,0.4288506280696234
SLV,0.42252324022262755,1.2419082313969694,1.2472046649384814,0.4264754357537561,1.562420264517064,1.5558464516655197,-0.4207454934397032,-0.003935411965795529,-0.00393541196579446,1.0000393556684657,7268.3584,7299.068903422673,0.42252324022262516,9703.8242,9744.825112435346,0.42252324022262633,3671.256254008852,3684.786548359232,0.3685467157353916,6099.348564526176,6122.88815279439,0.3859361048017565,3604.475626281482,3620.2003391839994,0.4362552152624616
SRB,0.4192015691421691,1.1495787876731465,1.1544349570569779,0.42243032281943127,1.5314916122666886,1.5250983759666183,-0.4174516039698019,-0.003215171816575515,-0.0032151718165669228,1.000032152751932,29841.275,29966.37009305203,0.4192015691421706,31767.764000000003,31900.93496516938,0.41920156914215984,18676.756793517274,18747.622111505065,0.37943053374442665,20572.972896501233,20651.80958913935,0.38320515481515194,11194.791091290663,11242.156371435593,0.4231010633309547
SUR,0.41859050868633396,1.311676086673372,1.3172832808205106,0.4274831419210576,1.7029967704372402,1.695897902811228,-0.41684563055216944,-0.008854780540657956,-0.008854780540652534,1.0000885556468149,1124.9325,1129.6413606741278,0.41859050868633374,2181.1697,2190.299869342542,0.41859050868633024,879.1791881992151,882.4902462012029,0.3766078686154656,1934.2751851655235,1941.8693779554947,0.39261180871331597,246.8945151327582,248.06199418302165,0.47286552705948076
SVK,0.4164800652984635,1.0897848987453436,1.094361924834806,0.41999353218528696,1.4758709899107068,1.4697497751347628,-0.41475269978132084,-0.0034987722695904097,-0.0034987722695900493,1.0000349889468791,90657.336,91034.90573217065,0.4164800652984706,82178.438,82520.69481224366,0.4164800652984718,51755.5399941334,51946.87989545971,0.3696993623252564,43184.67340278556,43343.04279038045,0.3667259124962615,38993.764585377,39157.62461831912,0.4202211165924869
SVN,0.4159767163484762,1.1321600222715171,1.1369282685357684,0.42116363150542224,1.5166861636243443,1.5104032378849659,-0.4142535146733595,-0.005165161375720503,-0.005165161375715421,1.000051654281784,32281.391,32415.674070273413,0.4159767163484796,33676.816,33816.90371336752,0.4159767163484932,22061.236969913985,22143.204449421,0.3715452565909897,23423.91367766716,23511.66129190524,0.37460697407598675,10252.90234067479,10297.428290418917,0.4342765420429924
SWE,0.4157884270046486,1.1269424312061223,1.1316864650029774,0.4209650524719191,1.5114602287302843,1.505201774005627,-0.41406678162579436,-0.005154925034392581,-0.00515492503438704,1.0000515519078061,206344.92,207202.87829707202,0.41578842700465196,200278.08,201110.8130784671,0.41578842700464613,107486.17934914798,107864.23270930817,0.351722763288627,101210.00990639128,101566.10908752315,0.35184185977377325,99068.07010580298,99497.83468985175,0.43380736456235236
SWZ,0.4180423061793448,1.2507713592840946,1.256089262224831,0.42516986827874226,1.684668885710933,1.6776555756902296,-0.4163019855230401,-0.007097386152046541,-0.007097386152063875,1.000070978899167,5890.6338,5915.259141386099,0.4180423061793374,5200.3262,5222.065763575329,0.4180423061793363,4073.7356387525806,4088.806951932425,0.369962965600274,3377.4522108583374,3389.8830093986894,0.3680525367727679,1822.874006348619,1831.1840762054333,0.4558773578356066
THA,0.4146763266652087,1.0858986302245963,1.0905106588259241,0.4247199943860235,1.5314950856561484,1.5251705644496805,-0.41296385902265725,-0.010001190664388178,-0.010001190664396156,1.0001000219100258,402387.56,404056.16595276573,0.41467632666520166,348888.63,350335.38855503657,0.41467632666520604,176933.06219425713,177448.04127183667,0.29105870389228816,123025.92452960073,123330.34281838669,0.24744239065866114,225862.70534052374,226936.45729715817,0.47540029019646085
TJK,0.41761547767498186,1.257646356414805,1.2631726113184802,0.43941246881428514,1.6710106854430786,1.664061307905083,-0.4158787013473201,-0.021701631464707695,-0.021701631464713753,1.0002170634209506,670.44263,673.2425021918112,0.417615477674985,2689.344,2700.575116791924,0.4176154776749942,566.3666151078934,568.4544495826708,0.3686365719807989,2584.587845737103,2595.069842902481,0.40555778294269795,104.75615472695777,105.37124674493896,0.5871655174671055
TTO,0.42034411307798614,1.2059679454283558,1.2110792751902806,0.4238362869677449,1.5955288897686464,1.588850251283796,-0.4185846165291746,-0.0034774352572853454,-0.0034774352572696423,1.0000347755618704,12637.024,12690.142986452252,0.4203441130779922,12282.874,12334.504337775788,0.42034411307800257,5294.800107370503,5313.722007658977,0.3573676041544029,4927.830305112766,4945.477054340402,0.3581038334320696,7355.043707980192,7386.505405023167,0.42775676518195754
TUN,0.4186074325883249,1.1953222330247402,1.200383791725774,0.42344721458294016,1.5917428554317432,1.5851074777452816,-0.41686241366303056,-0.0048193744875889045,-0.004819374487577245,1.0000481960676249,22393.166,22486.905457267843,0.4186074325883273,23167.221,23264.200709030163,0.41860743258831845,16246.432437709205,16308.234512433748,0.3804039746048828,16997.770380064154,17062.97848308049,0.38362739087718667,6169.450613770288,6196.374905640736,0.43641311935218813
TUR,0.4199794666301715,1.125291231498559,1.1300530124708246,0.42315987532616234,1.499173813125352,1.49290392320627,-0.4182230148491668,-0.0031670071922957296,-0.0031670071922979405,1.0000316710749482,405052.09,406753.2256071564,0.41997946663017555,407769.03,409481.5761972771,0.41997946663018676,165250.47738525277,165842.26919012886,0.35811806067974705,167556.50666233565,168163.53995380565,0.36228571695714995,240212.52325752683,241231.55663061352,0.4242215848147933
TZA,0.41818704906175785,1.3026323370227686,1.3082291746849757,0.4296559745322261,1.7110544739790847,1.7039288641805448,-0.41644552566285126,-0.01141985936243509,-0.011419859362428796,1.0001142116364325,8878.3799,8915.508134908303,0.41818704906176696,12817.723,12871.325057570612,0.41818704906176846,6333.009923496003,6355.745081229135,0.35899450668446736,10263.346225910202,10302.409911693061,0.38061354379960144,2554.3767648072,2567.0275173422538,0.4952578926237134
UGA,0.421144446169186,1.2991009021350437,1.304686489101264,0.4299579006557887,1.6563488596452405,1.6494024926561597,-0.4193782577040312,-0.008775722574054495,-0.008775722574036188,1.0000877649277469,2780.6724,2792.3830473787593,0.4211444461691857,6170.4126,6196.398949970624,0.4211444461691972,1550.5360896825623,1555.811411532668,0.3402256732499331,4937.4553998300125,4956.667284516316,0.38910497676525024,1232.9572034302282,1238.8416301399996,0.47726122961933987
UKR,0.4194640154108864,1.1784517899258702,1.1834525912577432,0.42435349283041485,1.5660767364068322,1.5595350480931716,-0.41771186312809494,-0.004868816426968728,-0.0048688164269616715,1.0000486905349224,73172.914,73479.84804325756,0.41946401541088746,80336.172,80673.15333289861,0.41946401541089806,52946.5539782468,53148.54675712029,0.38150316441081744,60035.58071792345,60267.44753184707,0.3862156593654836,20300.59128953976,20389.624311556447,0.4385735407744644
URY,0.4210914549099831,1.2125283058628529,1.217672999296834,0.42429470793427154,1.6141792108848483,1.607410542449466,-0.41932570991741785,-0.003189719214471724,-0.003189719214456736,1.0000318982096077,13549.405,13606.460386646148,0.42109145490998956,12449.505,12501.928801733591,0.4210914549099902,6534.928616425055,6559.15175156614,0.37067176342525915,5421.283229109618,5441.222125729238,0.36778924429842097,7028.221787280952,7058.207762137688,0.42665094762663763
USA,0.4262058259784096,1.1062444804250675,1.1109725612267636,0.42739926710227116,1.3260827365224037,1.3204548808467227,-0.42439702446016614,-0.0011883620730717649,-0.0011883620730550265,1.000011883761953,5203861.5,5226040.660888848,0.42620582597841805,5899634.5,5924779.085950432,0.4262058259784118,388975.5188522572,390045.5018510527,0.27507720844556927,1079469.3892118214,1083426.593122371,0.36658787642315677,4820165.1095755575,4840351.518140818,0.41879081123505324
UZB,0.41954978723293124,1.2340434543337677,1.2393539744434363,0.4303349360201925,1.625037208758004,1.6182478533530529,-0.41779691987115797,-0.010738935396498893,-0.010738935396495074,1.0001074008876767,30427.756,30555.415585557756,0.41954978723292746,40248.355,40417.21688776726,0.4195497872329344,18557.791231768508,18621.15019268694,0.3414143425105932,28347.52236585295,28452.19882864568,0.3692614170712198,11900.832609199593,11959.364015313302,0.49182614389906404
VNM,0.41738554999108946,1.0969357131243713,1.1016816171147947,0.4326510600065869,1.5294413025243965,1.5230841693278814,-0.41565068146272927,-0.01519974814403449,-0.015199748144031655,1.0001520205881869,433942.56,435753.7735407014,0.41738554999109295,390073.44,391701.5501729132,0.4173855499910932,230776.47510703502,231454.326851747,0.29372653534013415,186467.13607248766,186974.71854716018,0.2722101520748449,203606.30391606633,204681.04178306743,0.5278509782507224
ZAF,0.41916231791887526,1.194276436308635,1.1993314509150468,0.4232700614973475,1.6248155306707277,1.6180333446234552,-0.4174126797318856,-0.004090430012846528,-0.0040904300128474244,1.0000409059733586,146144.16,146756.74124855906,0.41916231791886704,129344.74,129886.90441029014,0.4191623179188683,63651.667357254075,63876.02216443441,0.3524727890019197,46703.989404788896,46862.737270267535,0.3399021529033697,82640.75050031672,82996.87743115773,0.4309338052776361
ZMB,0.41918920233428025,1.251586296089102,1.256918001408079,0.42599582111415235,1.6746813287813498,1.6676905500922352,-0.41743934018788514,-0.006777745865713364,-0.006777745865726654,1.0000677820527524,21664.811,21755.62754841813,0.4191892023342828,20081.926,20166.10726541276,0.4191892023342816,12250.895394620915,12294.273297308819,0.35407944718024453,10646.032225429282,10683.562774423452,0.3525308603192392,9435.893766711473,9478.853684915126,0.4552819188703602
ZWE,0.41786922959625716,1.2842104897430069,1.2896972733228482,0.427249553220776,1.6996049107384397,1.6925323389329112,-0.4161303465789339,-0.009340416735743498,-0.009340416735744452,1.0000934128925107,6107.4229,6132.943941020415,0.41786922959625733,8274.6592,8309.236454650756,0.41786922959625944,4637.873600073666,4655.112785871482,0.3717045198804396,6798.914139099905,6825.052241547321,0.38444524982449885,1475.7450540389832,1482.7668559697247,0.4758140243481389
